data_schema;context;question ;answer
"CREATE TABLE roles (

  role_id INT PRIMARY KEY AUTO_INCREMENT,

  title VARCHAR(100) NOT NULL

);
 
CREATE TABLE employees (

  employee_id INT PRIMARY KEY AUTO_INCREMENT,

  first_name VARCHAR(100) NOT NULL,

  last_name VARCHAR(100) NOT NULL,
  
  salary INT, 

  department_id INT,

  role_id INT,

  FOREIGN KEY (department_id) REFERENCES departments(department_id),

  FOREIGN KEY (role_id) REFERENCES roles(role_id)

);
 
CREATE TABLE projects (

  project_id INT PRIMARY KEY AUTO_INCREMENT,

  project_name VARCHAR(255) NOT NULL,

  start_date DATE,

  end_date DATE,

  department_id INT,

  FOREIGN KEY (department_id) REFERENCES departments(department_id)

);
 
CREATE TABLE departments (

  department_id INT PRIMARY KEY AUTO_INCREMENT,

  name VARCHAR(100) NOT NULL,

  location VARCHAR(255)

);
 
 
CREATE TABLE timesheets (

  timesheet_id INT PRIMARY KEY AUTO_INCREMENT,

  employee_id INT NOT NULL,

  project_id INT NOT NULL,

  date_worked DATE NOT NULL,

  hours_worked DECIMAL(5, 2) NOT NULL,

  FOREIGN KEY (employee_id) REFERENCES employees(employee_id),

  FOREIGN KEY (project_id) REFERENCES projects(project_id)

);";As a user, I want to create an employee;what are the functions and their parameters ?;create_employee(first_name,last_name,salary,department_id,role_id)
"CREATE TABLE roles (

  role_id INT PRIMARY KEY AUTO_INCREMENT,

  title VARCHAR(100) NOT NULL

);
 
CREATE TABLE employees (

  employee_id INT PRIMARY KEY AUTO_INCREMENT,

  first_name VARCHAR(100) NOT NULL,

  last_name VARCHAR(100) NOT NULL,
  
  salary INT, 

  department_id INT,

  role_id INT,

  FOREIGN KEY (department_id) REFERENCES departments(department_id),

  FOREIGN KEY (role_id) REFERENCES roles(role_id)

);
 
CREATE TABLE projects (

  project_id INT PRIMARY KEY AUTO_INCREMENT,

  project_name VARCHAR(255) NOT NULL,

  start_date DATE,

  end_date DATE,

  department_id INT,

  FOREIGN KEY (department_id) REFERENCES departments(department_id)

);
 
CREATE TABLE departments (

  department_id INT PRIMARY KEY AUTO_INCREMENT,

  name VARCHAR(100) NOT NULL,

  location VARCHAR(255)

);
 
 
CREATE TABLE timesheets (

  timesheet_id INT PRIMARY KEY AUTO_INCREMENT,

  employee_id INT NOT NULL,

  project_id INT NOT NULL,

  date_worked DATE NOT NULL,

  hours_worked DECIMAL(5, 2) NOT NULL,

  FOREIGN KEY (employee_id) REFERENCES employees(employee_id),

  FOREIGN KEY (project_id) REFERENCES projects(project_id)

);";As a user, I want to create an employee by his first name and last name;what are the functions and their parameters ?;create_employee(first_name,last_name)
"CREATE TABLE roles (

  role_id INT PRIMARY KEY AUTO_INCREMENT,

  title VARCHAR(100) NOT NULL

);
 
CREATE TABLE employees (

  employee_id INT PRIMARY KEY AUTO_INCREMENT,

  first_name VARCHAR(100) NOT NULL,

  last_name VARCHAR(100) NOT NULL,
  
  salary INT, 

  department_id INT,

  role_id INT,

  FOREIGN KEY (department_id) REFERENCES departments(department_id),

  FOREIGN KEY (role_id) REFERENCES roles(role_id)

);
 
CREATE TABLE projects (

  project_id INT PRIMARY KEY AUTO_INCREMENT,

  project_name VARCHAR(255) NOT NULL,

  start_date DATE,

  end_date DATE,

  department_id INT,

  FOREIGN KEY (department_id) REFERENCES departments(department_id)

);
 
CREATE TABLE departments (

  department_id INT PRIMARY KEY AUTO_INCREMENT,

  name VARCHAR(100) NOT NULL,

  location VARCHAR(255)

);
 
 
CREATE TABLE timesheets (

  timesheet_id INT PRIMARY KEY AUTO_INCREMENT,

  employee_id INT NOT NULL,

  project_id INT NOT NULL,

  date_worked DATE NOT NULL,

  hours_worked DECIMAL(5, 2) NOT NULL,

  FOREIGN KEY (employee_id) REFERENCES employees(employee_id),

  FOREIGN KEY (project_id) REFERENCES projects(project_id)

);";As an admin, I want to update an employee's data;what are the functions and their parameters ?;update_employee(employee_id,first_name,last_name,salary, department_id, role_id)
"CREATE TABLE roles (

  role_id INT PRIMARY KEY AUTO_INCREMENT,

  title VARCHAR(100) NOT NULL

);
 
CREATE TABLE employees (

  employee_id INT PRIMARY KEY AUTO_INCREMENT,

  first_name VARCHAR(100) NOT NULL,

  last_name VARCHAR(100) NOT NULL,
  
  salary INT, 

  department_id INT,

  role_id INT,

  FOREIGN KEY (department_id) REFERENCES departments(department_id),

  FOREIGN KEY (role_id) REFERENCES roles(role_id)

);
 
CREATE TABLE projects (

  project_id INT PRIMARY KEY AUTO_INCREMENT,

  project_name VARCHAR(255) NOT NULL,

  start_date DATE,

  end_date DATE,

  department_id INT,

  FOREIGN KEY (department_id) REFERENCES departments(department_id)

);
 
CREATE TABLE departments (

  department_id INT PRIMARY KEY AUTO_INCREMENT,

  name VARCHAR(100) NOT NULL,

  location VARCHAR(255)

);
 
 
CREATE TABLE timesheets (

  timesheet_id INT PRIMARY KEY AUTO_INCREMENT,

  employee_id INT NOT NULL,

  project_id INT NOT NULL,

  date_worked DATE NOT NULL,

  hours_worked DECIMAL(5, 2) NOT NULL,

  FOREIGN KEY (employee_id) REFERENCES employees(employee_id),

  FOREIGN KEY (project_id) REFERENCES projects(project_id)

);";As a user, I want to update the first and the last name of an employee;what are the functions and their parameters ?;update_employee(employee_id,first_name,last_name)
"CREATE TABLE roles (

  role_id INT PRIMARY KEY AUTO_INCREMENT,

  title VARCHAR(100) NOT NULL

);
 
CREATE TABLE employees (

  employee_id INT PRIMARY KEY AUTO_INCREMENT,

  first_name VARCHAR(100) NOT NULL,

  last_name VARCHAR(100) NOT NULL,
  
  salary INT, 

  department_id INT,

  role_id INT,

  FOREIGN KEY (department_id) REFERENCES departments(department_id),

  FOREIGN KEY (role_id) REFERENCES roles(role_id)

);
 
CREATE TABLE projects (

  project_id INT PRIMARY KEY AUTO_INCREMENT,

  project_name VARCHAR(255) NOT NULL,

  start_date DATE,

  end_date DATE,

  department_id INT,

  FOREIGN KEY (department_id) REFERENCES departments(department_id)

);
 
CREATE TABLE departments (

  department_id INT PRIMARY KEY AUTO_INCREMENT,

  name VARCHAR(100) NOT NULL,

  location VARCHAR(255)

);
 
 
CREATE TABLE timesheets (

  timesheet_id INT PRIMARY KEY AUTO_INCREMENT,

  employee_id INT NOT NULL,

  project_id INT NOT NULL,

  date_worked DATE NOT NULL,

  hours_worked DECIMAL(5, 2) NOT NULL,

  FOREIGN KEY (employee_id) REFERENCES employees(employee_id),

  FOREIGN KEY (project_id) REFERENCES projects(project_id)

);";As an admin, I want to delete an employee;what are the functions and their parameters ?;delete_employee(employee_id)
"CREATE TABLE roles (

  role_id INT PRIMARY KEY AUTO_INCREMENT,

  title VARCHAR(100) NOT NULL

);
 
CREATE TABLE employees (

  employee_id INT PRIMARY KEY AUTO_INCREMENT,

  first_name VARCHAR(100) NOT NULL,

  last_name VARCHAR(100) NOT NULL,
  
  salary INT, 

  department_id INT,

  role_id INT,

  FOREIGN KEY (department_id) REFERENCES departments(department_id),

  FOREIGN KEY (role_id) REFERENCES roles(role_id)

);
 
CREATE TABLE projects (

  project_id INT PRIMARY KEY AUTO_INCREMENT,

  project_name VARCHAR(255) NOT NULL,

  start_date DATE,

  end_date DATE,

  department_id INT,

  FOREIGN KEY (department_id) REFERENCES departments(department_id)

);
 
CREATE TABLE departments (

  department_id INT PRIMARY KEY AUTO_INCREMENT,

  name VARCHAR(100) NOT NULL,

  location VARCHAR(255)

);
 
 
CREATE TABLE timesheets (

  timesheet_id INT PRIMARY KEY AUTO_INCREMENT,

  employee_id INT NOT NULL,

  project_id INT NOT NULL,

  date_worked DATE NOT NULL,

  hours_worked DECIMAL(5, 2) NOT NULL,

  FOREIGN KEY (employee_id) REFERENCES employees(employee_id),

  FOREIGN KEY (project_id) REFERENCES projects(project_id)

);";As an admin, I want to delete  employees by their first name;what are the functions and their parameters ?;delete_employees(first_name)
"CREATE TABLE roles (

  role_id INT PRIMARY KEY AUTO_INCREMENT,

  title VARCHAR(100) NOT NULL

);
 
CREATE TABLE employees (

  employee_id INT PRIMARY KEY AUTO_INCREMENT,

  first_name VARCHAR(100) NOT NULL,

  last_name VARCHAR(100) NOT NULL,
  
  salary INT, 

  department_id INT,

  role_id INT,

  FOREIGN KEY (department_id) REFERENCES departments(department_id),

  FOREIGN KEY (role_id) REFERENCES roles(role_id)

);
 
CREATE TABLE projects (

  project_id INT PRIMARY KEY AUTO_INCREMENT,

  project_name VARCHAR(255) NOT NULL,

  start_date DATE,

  end_date DATE,

  department_id INT,

  FOREIGN KEY (department_id) REFERENCES departments(department_id)

);
 
CREATE TABLE departments (

  department_id INT PRIMARY KEY AUTO_INCREMENT,

  name VARCHAR(100) NOT NULL,

  location VARCHAR(255)

);
 
 
CREATE TABLE timesheets (

  timesheet_id INT PRIMARY KEY AUTO_INCREMENT,

  employee_id INT NOT NULL,

  project_id INT NOT NULL,

  date_worked DATE NOT NULL,

  hours_worked DECIMAL(5, 2) NOT NULL,

  FOREIGN KEY (employee_id) REFERENCES employees(employee_id),

  FOREIGN KEY (project_id) REFERENCES projects(project_id)

);";As a user, I want to find an employee ;what are the functions and their parameters ?;get_employee(employee_id)
"CREATE TABLE roles (

  role_id INT PRIMARY KEY AUTO_INCREMENT,

  title VARCHAR(100) NOT NULL

);
 
CREATE TABLE employees (

  employee_id INT PRIMARY KEY AUTO_INCREMENT,

  first_name VARCHAR(100) NOT NULL,

  last_name VARCHAR(100) NOT NULL,
  
  salary INT, 

  department_id INT,

  role_id INT,

  FOREIGN KEY (department_id) REFERENCES departments(department_id),

  FOREIGN KEY (role_id) REFERENCES roles(role_id)

);
 
CREATE TABLE projects (

  project_id INT PRIMARY KEY AUTO_INCREMENT,

  project_name VARCHAR(255) NOT NULL,

  start_date DATE,

  end_date DATE,

  department_id INT,

  FOREIGN KEY (department_id) REFERENCES departments(department_id)

);
 
CREATE TABLE departments (

  department_id INT PRIMARY KEY AUTO_INCREMENT,

  name VARCHAR(100) NOT NULL,

  location VARCHAR(255)

);
 
 
CREATE TABLE timesheets (

  timesheet_id INT PRIMARY KEY AUTO_INCREMENT,

  employee_id INT NOT NULL,

  project_id INT NOT NULL,

  date_worked DATE NOT NULL,

  hours_worked DECIMAL(5, 2) NOT NULL,

  FOREIGN KEY (employee_id) REFERENCES employees(employee_id),

  FOREIGN KEY (project_id) REFERENCES projects(project_id)

);";As a user, I want to get  employees by their first name and their last name;what are the functions and their parameters ?;get_employees(last_name,first_name)
"CREATE TABLE roles (

  role_id INT PRIMARY KEY AUTO_INCREMENT,

  title VARCHAR(100) NOT NULL

);
 
CREATE TABLE employees (

  employee_id INT PRIMARY KEY AUTO_INCREMENT,

  first_name VARCHAR(100) NOT NULL,

  last_name VARCHAR(100) NOT NULL,
  
  salary INT, 

  department_id INT,

  role_id INT,

  FOREIGN KEY (department_id) REFERENCES departments(department_id),

  FOREIGN KEY (role_id) REFERENCES roles(role_id)

);
 
CREATE TABLE projects (

  project_id INT PRIMARY KEY AUTO_INCREMENT,

  project_name VARCHAR(255) NOT NULL,

  start_date DATE,

  end_date DATE,

  department_id INT,

  FOREIGN KEY (department_id) REFERENCES departments(department_id)

);
 
CREATE TABLE departments (

  department_id INT PRIMARY KEY AUTO_INCREMENT,

  name VARCHAR(100) NOT NULL,

  location VARCHAR(255)

);
 
 
CREATE TABLE timesheets (

  timesheet_id INT PRIMARY KEY AUTO_INCREMENT,

  employee_id INT NOT NULL,

  project_id INT NOT NULL,

  date_worked DATE NOT NULL,

  hours_worked DECIMAL(5, 2) NOT NULL,

  FOREIGN KEY (employee_id) REFERENCES employees(employee_id),

  FOREIGN KEY (project_id) REFERENCES projects(project_id)

);";As a user, I want to get employees by their role title;what are the functions and their parameters ?;get_employees(title)
"CREATE TABLE roles (

  role_id INT PRIMARY KEY AUTO_INCREMENT,

  title VARCHAR(100) NOT NULL

);
 
CREATE TABLE employees (

  employee_id INT PRIMARY KEY AUTO_INCREMENT,

  first_name VARCHAR(100) NOT NULL,

  last_name VARCHAR(100) NOT NULL,
  
  salary INT, 

  department_id INT,

  role_id INT,

  FOREIGN KEY (department_id) REFERENCES departments(department_id),

  FOREIGN KEY (role_id) REFERENCES roles(role_id)

);
 
CREATE TABLE projects (

  project_id INT PRIMARY KEY AUTO_INCREMENT,

  project_name VARCHAR(255) NOT NULL,

  start_date DATE,

  end_date DATE,

  department_id INT,

  FOREIGN KEY (department_id) REFERENCES departments(department_id)

);
 
CREATE TABLE departments (

  department_id INT PRIMARY KEY AUTO_INCREMENT,

  name VARCHAR(100) NOT NULL,

  location VARCHAR(255)

);
 
 
CREATE TABLE timesheets (

  timesheet_id INT PRIMARY KEY AUTO_INCREMENT,

  employee_id INT NOT NULL,

  project_id INT NOT NULL,

  date_worked DATE NOT NULL,

  hours_worked DECIMAL(5, 2) NOT NULL,

  FOREIGN KEY (employee_id) REFERENCES employees(employee_id),

  FOREIGN KEY (project_id) REFERENCES projects(project_id)

);";As a user, I want to get all employees;what are the functions and their parameters ?;get_employees()
"CREATE TABLE roles (

  role_id INT PRIMARY KEY AUTO_INCREMENT,

  title VARCHAR(100) NOT NULL

);
 
CREATE TABLE employees (

  employee_id INT PRIMARY KEY AUTO_INCREMENT,

  first_name VARCHAR(100) NOT NULL,

  last_name VARCHAR(100) NOT NULL,
  
  salary INT, 

  department_id INT,

  role_id INT,

  FOREIGN KEY (department_id) REFERENCES departments(department_id),

  FOREIGN KEY (role_id) REFERENCES roles(role_id)

);
 
CREATE TABLE projects (

  project_id INT PRIMARY KEY AUTO_INCREMENT,

  project_name VARCHAR(255) NOT NULL,

  start_date DATE,

  end_date DATE,

  department_id INT,

  FOREIGN KEY (department_id) REFERENCES departments(department_id)

);
 
CREATE TABLE departments (

  department_id INT PRIMARY KEY AUTO_INCREMENT,

  name VARCHAR(100) NOT NULL,

  location VARCHAR(255)

);
 
 
CREATE TABLE timesheets (

  timesheet_id INT PRIMARY KEY AUTO_INCREMENT,

  employee_id INT NOT NULL,

  project_id INT NOT NULL,

  date_worked DATE NOT NULL,

  hours_worked DECIMAL(5, 2) NOT NULL,

  FOREIGN KEY (employee_id) REFERENCES employees(employee_id),

  FOREIGN KEY (project_id) REFERENCES projects(project_id)

);";As a user, I want to create a role;what are the functions and their parameters ?;create_role(title)
"CREATE TABLE roles (

  role_id INT PRIMARY KEY AUTO_INCREMENT,

  title VARCHAR(100) NOT NULL

);
 
CREATE TABLE employees (

  employee_id INT PRIMARY KEY AUTO_INCREMENT,

  first_name VARCHAR(100) NOT NULL,

  last_name VARCHAR(100) NOT NULL,
  
  salary INT, 

  department_id INT,

  role_id INT,

  FOREIGN KEY (department_id) REFERENCES departments(department_id),

  FOREIGN KEY (role_id) REFERENCES roles(role_id)

);
 
CREATE TABLE projects (

  project_id INT PRIMARY KEY AUTO_INCREMENT,

  project_name VARCHAR(255) NOT NULL,

  start_date DATE,

  end_date DATE,

  department_id INT,

  FOREIGN KEY (department_id) REFERENCES departments(department_id)

);
 
CREATE TABLE departments (

  department_id INT PRIMARY KEY AUTO_INCREMENT,

  name VARCHAR(100) NOT NULL,

  location VARCHAR(255)

);
 
 
CREATE TABLE timesheets (

  timesheet_id INT PRIMARY KEY AUTO_INCREMENT,

  employee_id INT NOT NULL,

  project_id INT NOT NULL,

  date_worked DATE NOT NULL,

  hours_worked DECIMAL(5, 2) NOT NULL,

  FOREIGN KEY (employee_id) REFERENCES employees(employee_id),

  FOREIGN KEY (project_id) REFERENCES projects(project_id)

);";As an admin, I want to update a role's data;what are the functions and their parameters ?;update_role(role_id,title)
"CREATE TABLE roles (

  role_id INT PRIMARY KEY AUTO_INCREMENT,

  title VARCHAR(100) NOT NULL

);
 
CREATE TABLE employees (

  employee_id INT PRIMARY KEY AUTO_INCREMENT,

  first_name VARCHAR(100) NOT NULL,

  last_name VARCHAR(100) NOT NULL,
  
  salary INT, 

  department_id INT,

  role_id INT,

  FOREIGN KEY (department_id) REFERENCES departments(department_id),

  FOREIGN KEY (role_id) REFERENCES roles(role_id)

);
 
CREATE TABLE projects (

  project_id INT PRIMARY KEY AUTO_INCREMENT,

  project_name VARCHAR(255) NOT NULL,

  start_date DATE,

  end_date DATE,

  department_id INT,

  FOREIGN KEY (department_id) REFERENCES departments(department_id)

);
 
CREATE TABLE departments (

  department_id INT PRIMARY KEY AUTO_INCREMENT,

  name VARCHAR(100) NOT NULL,

  location VARCHAR(255)

);
 
 
CREATE TABLE timesheets (

  timesheet_id INT PRIMARY KEY AUTO_INCREMENT,

  employee_id INT NOT NULL,

  project_id INT NOT NULL,

  date_worked DATE NOT NULL,

  hours_worked DECIMAL(5, 2) NOT NULL,

  FOREIGN KEY (employee_id) REFERENCES employees(employee_id),

  FOREIGN KEY (project_id) REFERENCES projects(project_id)

);";As a user, I want to update the title of a role;what are the functions and their parameters ?;update_role(role_id,title)
"CREATE TABLE roles (

  role_id INT PRIMARY KEY AUTO_INCREMENT,

  title VARCHAR(100) NOT NULL

);
 
CREATE TABLE employees (

  employee_id INT PRIMARY KEY AUTO_INCREMENT,

  first_name VARCHAR(100) NOT NULL,

  last_name VARCHAR(100) NOT NULL,
  
  salary INT, 

  department_id INT,

  role_id INT,

  FOREIGN KEY (department_id) REFERENCES departments(department_id),

  FOREIGN KEY (role_id) REFERENCES roles(role_id)

);
 
CREATE TABLE projects (

  project_id INT PRIMARY KEY AUTO_INCREMENT,

  project_name VARCHAR(255) NOT NULL,

  start_date DATE,

  end_date DATE,

  department_id INT,

  FOREIGN KEY (department_id) REFERENCES departments(department_id)

);
 
CREATE TABLE departments (

  department_id INT PRIMARY KEY AUTO_INCREMENT,

  name VARCHAR(100) NOT NULL,

  location VARCHAR(255)

);
 
 
CREATE TABLE timesheets (

  timesheet_id INT PRIMARY KEY AUTO_INCREMENT,

  employee_id INT NOT NULL,

  project_id INT NOT NULL,

  date_worked DATE NOT NULL,

  hours_worked DECIMAL(5, 2) NOT NULL,

  FOREIGN KEY (employee_id) REFERENCES employees(employee_id),

  FOREIGN KEY (project_id) REFERENCES projects(project_id)

);";As an admin, I want to delete a role;what are the functions and their parameters ?;delete_role(role_id)
"CREATE TABLE roles (

  role_id INT PRIMARY KEY AUTO_INCREMENT,

  title VARCHAR(100) NOT NULL

);
 
CREATE TABLE employees (

  employee_id INT PRIMARY KEY AUTO_INCREMENT,

  first_name VARCHAR(100) NOT NULL,

  last_name VARCHAR(100) NOT NULL,
  
  salary INT, 

  department_id INT,

  role_id INT,

  FOREIGN KEY (department_id) REFERENCES departments(department_id),

  FOREIGN KEY (role_id) REFERENCES roles(role_id)

);
 
CREATE TABLE projects (

  project_id INT PRIMARY KEY AUTO_INCREMENT,

  project_name VARCHAR(255) NOT NULL,

  start_date DATE,

  end_date DATE,

  department_id INT,

  FOREIGN KEY (department_id) REFERENCES departments(department_id)

);
 
CREATE TABLE departments (

  department_id INT PRIMARY KEY AUTO_INCREMENT,

  name VARCHAR(100) NOT NULL,

  location VARCHAR(255)

);
 
 
CREATE TABLE timesheets (

  timesheet_id INT PRIMARY KEY AUTO_INCREMENT,

  employee_id INT NOT NULL,

  project_id INT NOT NULL,

  date_worked DATE NOT NULL,

  hours_worked DECIMAL(5, 2) NOT NULL,

  FOREIGN KEY (employee_id) REFERENCES employees(employee_id),

  FOREIGN KEY (project_id) REFERENCES projects(project_id)

);";As an admin, I want to delete roles by their titles;what are the functions and their parameters ?;delete_roles(title)
"CREATE TABLE roles (

  role_id INT PRIMARY KEY AUTO_INCREMENT,

  title VARCHAR(100) NOT NULL

);
 
CREATE TABLE employees (

  employee_id INT PRIMARY KEY AUTO_INCREMENT,

  first_name VARCHAR(100) NOT NULL,

  last_name VARCHAR(100) NOT NULL,
  
  salary INT, 

  department_id INT,

  role_id INT,

  FOREIGN KEY (department_id) REFERENCES departments(department_id),

  FOREIGN KEY (role_id) REFERENCES roles(role_id)

);
 
CREATE TABLE projects (

  project_id INT PRIMARY KEY AUTO_INCREMENT,

  project_name VARCHAR(255) NOT NULL,

  start_date DATE,

  end_date DATE,

  department_id INT,

  FOREIGN KEY (department_id) REFERENCES departments(department_id)

);
 
CREATE TABLE departments (

  department_id INT PRIMARY KEY AUTO_INCREMENT,

  name VARCHAR(100) NOT NULL,

  location VARCHAR(255)

);
 
 
CREATE TABLE timesheets (

  timesheet_id INT PRIMARY KEY AUTO_INCREMENT,

  employee_id INT NOT NULL,

  project_id INT NOT NULL,

  date_worked DATE NOT NULL,

  hours_worked DECIMAL(5, 2) NOT NULL,

  FOREIGN KEY (employee_id) REFERENCES employees(employee_id),

  FOREIGN KEY (project_id) REFERENCES projects(project_id)

);";As a user, I want to find a role ;what are the functions and their parameters ?;get_role(role_id)
"CREATE TABLE roles (

  role_id INT PRIMARY KEY AUTO_INCREMENT,

  title VARCHAR(100) NOT NULL

);
 
CREATE TABLE employees (

  employee_id INT PRIMARY KEY AUTO_INCREMENT,

  first_name VARCHAR(100) NOT NULL,

  last_name VARCHAR(100) NOT NULL,
  
  salary INT, 

  department_id INT,

  role_id INT,

  FOREIGN KEY (department_id) REFERENCES departments(department_id),

  FOREIGN KEY (role_id) REFERENCES roles(role_id)

);
 
CREATE TABLE projects (

  project_id INT PRIMARY KEY AUTO_INCREMENT,

  project_name VARCHAR(255) NOT NULL,

  start_date DATE,

  end_date DATE,

  department_id INT,

  FOREIGN KEY (department_id) REFERENCES departments(department_id)

);
 
CREATE TABLE departments (

  department_id INT PRIMARY KEY AUTO_INCREMENT,

  name VARCHAR(100) NOT NULL,

  location VARCHAR(255)

);
 
 
CREATE TABLE timesheets (

  timesheet_id INT PRIMARY KEY AUTO_INCREMENT,

  employee_id INT NOT NULL,

  project_id INT NOT NULL,

  date_worked DATE NOT NULL,

  hours_worked DECIMAL(5, 2) NOT NULL,

  FOREIGN KEY (employee_id) REFERENCES employees(employee_id),

  FOREIGN KEY (project_id) REFERENCES projects(project_id)

);";As a user, I want to get  roles by their titles;what are the functions and their parameters ?;get_roles(title)
"CREATE TABLE roles (

  role_id INT PRIMARY KEY AUTO_INCREMENT,

  title VARCHAR(100) NOT NULL

);
 
CREATE TABLE employees (

  employee_id INT PRIMARY KEY AUTO_INCREMENT,

  first_name VARCHAR(100) NOT NULL,

  last_name VARCHAR(100) NOT NULL,
  
  salary INT, 

  department_id INT,

  role_id INT,

  FOREIGN KEY (department_id) REFERENCES departments(department_id),

  FOREIGN KEY (role_id) REFERENCES roles(role_id)

);
 
CREATE TABLE projects (

  project_id INT PRIMARY KEY AUTO_INCREMENT,

  project_name VARCHAR(255) NOT NULL,

  start_date DATE,

  end_date DATE,

  department_id INT,

  FOREIGN KEY (department_id) REFERENCES departments(department_id)

);
 
CREATE TABLE departments (

  department_id INT PRIMARY KEY AUTO_INCREMENT,

  name VARCHAR(100) NOT NULL,

  location VARCHAR(255)

);
 
 
CREATE TABLE timesheets (

  timesheet_id INT PRIMARY KEY AUTO_INCREMENT,

  employee_id INT NOT NULL,

  project_id INT NOT NULL,

  date_worked DATE NOT NULL,

  hours_worked DECIMAL(5, 2) NOT NULL,

  FOREIGN KEY (employee_id) REFERENCES employees(employee_id),

  FOREIGN KEY (project_id) REFERENCES projects(project_id)

);";As a user, I want to get all roles;what are the functions and their parameters ?;get_roles()
"CREATE TABLE roles (

  role_id INT PRIMARY KEY AUTO_INCREMENT,

  title VARCHAR(100) NOT NULL

);
 
CREATE TABLE employees (

  employee_id INT PRIMARY KEY AUTO_INCREMENT,

  first_name VARCHAR(100) NOT NULL,

  last_name VARCHAR(100) NOT NULL,
  
  salary INT, 

  department_id INT,

  role_id INT,

  FOREIGN KEY (department_id) REFERENCES departments(department_id),

  FOREIGN KEY (role_id) REFERENCES roles(role_id)

);
 
CREATE TABLE projects (

  project_id INT PRIMARY KEY AUTO_INCREMENT,

  project_name VARCHAR(255) NOT NULL,

  start_date DATE,

  end_date DATE,

  department_id INT,

  FOREIGN KEY (department_id) REFERENCES departments(department_id)

);
 
CREATE TABLE departments (

  department_id INT PRIMARY KEY AUTO_INCREMENT,

  name VARCHAR(100) NOT NULL,

  location VARCHAR(255)

);
 
 
CREATE TABLE timesheets (

  timesheet_id INT PRIMARY KEY AUTO_INCREMENT,

  employee_id INT NOT NULL,

  project_id INT NOT NULL,

  date_worked DATE NOT NULL,

  hours_worked DECIMAL(5, 2) NOT NULL,

  FOREIGN KEY (employee_id) REFERENCES employees(employee_id),

  FOREIGN KEY (project_id) REFERENCES projects(project_id)

);";As a user, I want to create a department;what are the functions and their parameters ?;create_department(name,location)
"CREATE TABLE roles (

  role_id INT PRIMARY KEY AUTO_INCREMENT,

  title VARCHAR(100) NOT NULL

);
 
CREATE TABLE employees (

  employee_id INT PRIMARY KEY AUTO_INCREMENT,

  first_name VARCHAR(100) NOT NULL,

  last_name VARCHAR(100) NOT NULL,
  
  salary INT, 

  department_id INT,

  role_id INT,

  FOREIGN KEY (department_id) REFERENCES departments(department_id),

  FOREIGN KEY (role_id) REFERENCES roles(role_id)

);
 
CREATE TABLE projects (

  project_id INT PRIMARY KEY AUTO_INCREMENT,

  project_name VARCHAR(255) NOT NULL,

  start_date DATE,

  end_date DATE,

  department_id INT,

  FOREIGN KEY (department_id) REFERENCES departments(department_id)

);
 
CREATE TABLE departments (

  department_id INT PRIMARY KEY AUTO_INCREMENT,

  name VARCHAR(100) NOT NULL,

  location VARCHAR(255)

);
 
 
CREATE TABLE timesheets (

  timesheet_id INT PRIMARY KEY AUTO_INCREMENT,

  employee_id INT NOT NULL,

  project_id INT NOT NULL,

  date_worked DATE NOT NULL,

  hours_worked DECIMAL(5, 2) NOT NULL,

  FOREIGN KEY (employee_id) REFERENCES employees(employee_id),

  FOREIGN KEY (project_id) REFERENCES projects(project_id)

);";As a user, I want to create a department by name;what are the functions and their parameters ?;create_department(name)
"CREATE TABLE roles (

  role_id INT PRIMARY KEY AUTO_INCREMENT,

  title VARCHAR(100) NOT NULL

);
 
CREATE TABLE employees (

  employee_id INT PRIMARY KEY AUTO_INCREMENT,

  first_name VARCHAR(100) NOT NULL,

  last_name VARCHAR(100) NOT NULL,
  
  salary INT, 

  department_id INT,

  role_id INT,

  FOREIGN KEY (department_id) REFERENCES departments(department_id),

  FOREIGN KEY (role_id) REFERENCES roles(role_id)

);
 
CREATE TABLE projects (

  project_id INT PRIMARY KEY AUTO_INCREMENT,

  project_name VARCHAR(255) NOT NULL,

  start_date DATE,

  end_date DATE,

  department_id INT,

  FOREIGN KEY (department_id) REFERENCES departments(department_id)

);
 
CREATE TABLE departments (

  department_id INT PRIMARY KEY AUTO_INCREMENT,

  name VARCHAR(100) NOT NULL,

  location VARCHAR(255)

);
 
 
CREATE TABLE timesheets (

  timesheet_id INT PRIMARY KEY AUTO_INCREMENT,

  employee_id INT NOT NULL,

  project_id INT NOT NULL,

  date_worked DATE NOT NULL,

  hours_worked DECIMAL(5, 2) NOT NULL,

  FOREIGN KEY (employee_id) REFERENCES employees(employee_id),

  FOREIGN KEY (project_id) REFERENCES projects(project_id)

);";As an admin, I want to update a department's data;what are the functions and their parameters ?;update_department(department_id,name,location)
"CREATE TABLE roles (

  role_id INT PRIMARY KEY AUTO_INCREMENT,

  title VARCHAR(100) NOT NULL

);
 
CREATE TABLE employees (

  employee_id INT PRIMARY KEY AUTO_INCREMENT,

  first_name VARCHAR(100) NOT NULL,

  last_name VARCHAR(100) NOT NULL,
  
  salary INT, 

  department_id INT,

  role_id INT,

  FOREIGN KEY (department_id) REFERENCES departments(department_id),

  FOREIGN KEY (role_id) REFERENCES roles(role_id)

);
 
CREATE TABLE projects (

  project_id INT PRIMARY KEY AUTO_INCREMENT,

  project_name VARCHAR(255) NOT NULL,

  start_date DATE,

  end_date DATE,

  department_id INT,

  FOREIGN KEY (department_id) REFERENCES departments(department_id)

);
 
CREATE TABLE departments (

  department_id INT PRIMARY KEY AUTO_INCREMENT,

  name VARCHAR(100) NOT NULL,

  location VARCHAR(255)

);
 
 
CREATE TABLE timesheets (

  timesheet_id INT PRIMARY KEY AUTO_INCREMENT,

  employee_id INT NOT NULL,

  project_id INT NOT NULL,

  date_worked DATE NOT NULL,

  hours_worked DECIMAL(5, 2) NOT NULL,

  FOREIGN KEY (employee_id) REFERENCES employees(employee_id),

  FOREIGN KEY (project_id) REFERENCES projects(project_id)

);";As a user, I want to update the location of a department;what are the functions and their parameters ?;update_department(role_id,location)
"CREATE TABLE roles (

  role_id INT PRIMARY KEY AUTO_INCREMENT,

  title VARCHAR(100) NOT NULL

);
 
CREATE TABLE employees (

  employee_id INT PRIMARY KEY AUTO_INCREMENT,

  first_name VARCHAR(100) NOT NULL,

  last_name VARCHAR(100) NOT NULL,
  
  salary INT, 

  department_id INT,

  role_id INT,

  FOREIGN KEY (department_id) REFERENCES departments(department_id),

  FOREIGN KEY (role_id) REFERENCES roles(role_id)

);
 
CREATE TABLE projects (

  project_id INT PRIMARY KEY AUTO_INCREMENT,

  project_name VARCHAR(255) NOT NULL,

  start_date DATE,

  end_date DATE,

  department_id INT,

  FOREIGN KEY (department_id) REFERENCES departments(department_id)

);
 
CREATE TABLE departments (

  department_id INT PRIMARY KEY AUTO_INCREMENT,

  name VARCHAR(100) NOT NULL,

  location VARCHAR(255)

);
 
 
CREATE TABLE timesheets (

  timesheet_id INT PRIMARY KEY AUTO_INCREMENT,

  employee_id INT NOT NULL,

  project_id INT NOT NULL,

  date_worked DATE NOT NULL,

  hours_worked DECIMAL(5, 2) NOT NULL,

  FOREIGN KEY (employee_id) REFERENCES employees(employee_id),

  FOREIGN KEY (project_id) REFERENCES projects(project_id)

);";As an admin, I want to delete a department;what are the functions and their parameters ?;delete_department(department_id)
"CREATE TABLE roles (

  role_id INT PRIMARY KEY AUTO_INCREMENT,

  title VARCHAR(100) NOT NULL

);
 
CREATE TABLE employees (

  employee_id INT PRIMARY KEY AUTO_INCREMENT,

  first_name VARCHAR(100) NOT NULL,

  last_name VARCHAR(100) NOT NULL,
  
  salary INT, 

  department_id INT,

  role_id INT,

  FOREIGN KEY (department_id) REFERENCES departments(department_id),

  FOREIGN KEY (role_id) REFERENCES roles(role_id)

);
 
CREATE TABLE projects (

  project_id INT PRIMARY KEY AUTO_INCREMENT,

  project_name VARCHAR(255) NOT NULL,

  start_date DATE,

  end_date DATE,

  department_id INT,

  FOREIGN KEY (department_id) REFERENCES departments(department_id)

);
 
CREATE TABLE departments (

  department_id INT PRIMARY KEY AUTO_INCREMENT,

  name VARCHAR(100) NOT NULL,

  location VARCHAR(255)

);
 
 
CREATE TABLE timesheets (

  timesheet_id INT PRIMARY KEY AUTO_INCREMENT,

  employee_id INT NOT NULL,

  project_id INT NOT NULL,

  date_worked DATE NOT NULL,

  hours_worked DECIMAL(5, 2) NOT NULL,

  FOREIGN KEY (employee_id) REFERENCES employees(employee_id),

  FOREIGN KEY (project_id) REFERENCES projects(project_id)

);";As an admin, I want to delete departments by their locations;what are the functions and their parameters ?;delete_departments(location)
"CREATE TABLE roles (

  role_id INT PRIMARY KEY AUTO_INCREMENT,

  title VARCHAR(100) NOT NULL

);
 
CREATE TABLE employees (

  employee_id INT PRIMARY KEY AUTO_INCREMENT,

  first_name VARCHAR(100) NOT NULL,

  last_name VARCHAR(100) NOT NULL,
  
  salary INT, 

  department_id INT,

  role_id INT,

  FOREIGN KEY (department_id) REFERENCES departments(department_id),

  FOREIGN KEY (role_id) REFERENCES roles(role_id)

);
 
CREATE TABLE projects (

  project_id INT PRIMARY KEY AUTO_INCREMENT,

  project_name VARCHAR(255) NOT NULL,

  start_date DATE,

  end_date DATE,

  department_id INT,

  FOREIGN KEY (department_id) REFERENCES departments(department_id)

);
 
CREATE TABLE departments (

  department_id INT PRIMARY KEY AUTO_INCREMENT,

  name VARCHAR(100) NOT NULL,

  location VARCHAR(255)

);
 
 
CREATE TABLE timesheets (

  timesheet_id INT PRIMARY KEY AUTO_INCREMENT,

  employee_id INT NOT NULL,

  project_id INT NOT NULL,

  date_worked DATE NOT NULL,

  hours_worked DECIMAL(5, 2) NOT NULL,

  FOREIGN KEY (employee_id) REFERENCES employees(employee_id),

  FOREIGN KEY (project_id) REFERENCES projects(project_id)

);";As a user, I want to find a department ;what are the functions and their parameters ?;get_department(department_id)
"CREATE TABLE roles (

  role_id INT PRIMARY KEY AUTO_INCREMENT,

  title VARCHAR(100) NOT NULL

);
 
CREATE TABLE employees (

  employee_id INT PRIMARY KEY AUTO_INCREMENT,

  first_name VARCHAR(100) NOT NULL,

  last_name VARCHAR(100) NOT NULL,
  
  salary INT, 

  department_id INT,

  role_id INT,

  FOREIGN KEY (department_id) REFERENCES departments(department_id),

  FOREIGN KEY (role_id) REFERENCES roles(role_id)

);
 
CREATE TABLE projects (

  project_id INT PRIMARY KEY AUTO_INCREMENT,

  project_name VARCHAR(255) NOT NULL,

  start_date DATE,

  end_date DATE,

  department_id INT,

  FOREIGN KEY (department_id) REFERENCES departments(department_id)

);
 
CREATE TABLE departments (

  department_id INT PRIMARY KEY AUTO_INCREMENT,

  name VARCHAR(100) NOT NULL,

  location VARCHAR(255)

);
 
 
CREATE TABLE timesheets (

  timesheet_id INT PRIMARY KEY AUTO_INCREMENT,

  employee_id INT NOT NULL,

  project_id INT NOT NULL,

  date_worked DATE NOT NULL,

  hours_worked DECIMAL(5, 2) NOT NULL,

  FOREIGN KEY (employee_id) REFERENCES employees(employee_id),

  FOREIGN KEY (project_id) REFERENCES projects(project_id)

);";As a user, I want to get  departments by their names;what are the functions and their parameters ?;get_departments(name)
"CREATE TABLE roles (

  role_id INT PRIMARY KEY AUTO_INCREMENT,

  title VARCHAR(100) NOT NULL

);
 
CREATE TABLE employees (

  employee_id INT PRIMARY KEY AUTO_INCREMENT,

  first_name VARCHAR(100) NOT NULL,

  last_name VARCHAR(100) NOT NULL,
  
  salary INT, 

  department_id INT,

  role_id INT,

  FOREIGN KEY (department_id) REFERENCES departments(department_id),

  FOREIGN KEY (role_id) REFERENCES roles(role_id)

);
 
CREATE TABLE projects (

  project_id INT PRIMARY KEY AUTO_INCREMENT,

  project_name VARCHAR(255) NOT NULL,

  start_date DATE,

  end_date DATE,

  department_id INT,

  FOREIGN KEY (department_id) REFERENCES departments(department_id)

);
 
CREATE TABLE departments (

  department_id INT PRIMARY KEY AUTO_INCREMENT,

  name VARCHAR(100) NOT NULL,

  location VARCHAR(255)

);
 
 
CREATE TABLE timesheets (

  timesheet_id INT PRIMARY KEY AUTO_INCREMENT,

  employee_id INT NOT NULL,

  project_id INT NOT NULL,

  date_worked DATE NOT NULL,

  hours_worked DECIMAL(5, 2) NOT NULL,

  FOREIGN KEY (employee_id) REFERENCES employees(employee_id),

  FOREIGN KEY (project_id) REFERENCES projects(project_id)

);";As a user, I want to get all departments;what are the functions and their parameters ?;get_departments()
;;;
;;;
;;;
;;;
;;;
;;;
;;;
;;;
;;;
;;;
;;;
;;;
;;;
;;;
;;;
;;;
;;;
;;;
;;;
;;;
;;;
;;;
;;;
;;;
;;;
;;;
